Date,Timestamp,SensorID,HeartRate,AccNorm
2026-05-14,2026-05-14 10:40:00,V015,,0.9974463615358224
2026-05-14,2026-05-14 10:40:01,V015,,0.9967201180766146
2026-05-14,2026-05-14 10:40:02,V015,,0.9974032384812641
2026-05-14,2026-05-14 10:40:03,V015,,0.9967951343593249
2026-05-14,2026-05-14 10:40:04,V015,,0.9971959672631753
2026-05-14,2026-05-14 10:40:05,V015,,0.997052589359702
2026-05-14,2026-05-14 10:40:06,V015,,0.997140226062363
2026-05-14,2026-05-14 10:40:07,V015,,0.9972220093393837
2026-05-14,2026-05-14 10:40:08,V015,,0.9971644837681333
2026-05-14,2026-05-14 10:40:09,V015,,0.9970090397664797
2026-05-14,2026-05-14 10:40:10,V015,,0.997249100162085
2026-05-14,2026-05-14 10:40:11,V015,,0.9964321609963169
2026-05-14,2026-05-14 10:40:12,V015,,0.9972564528749435
2026-05-14,2026-05-14 10:40:13,V015,,0.99724957963142
2026-05-14,2026-05-14 10:40:14,V015,,0.9958665286077714
2026-05-14,2026-05-14 10:40:15,V015,,0.996747858420608
2026-05-14,2026-05-14 10:40:16,V015,,0.9974164057560447
2026-05-14,2026-05-14 10:40:17,V015,,0.9966644099205717
2026-05-14,2026-05-14 10:40:18,V015,,0.9966491003682694
2026-05-14,2026-05-14 10:40:19,V015,,0.9968100793317123
2026-05-14,2026-05-14 10:40:20,V015,,0.9963141264316681
2026-05-14,2026-05-14 10:40:21,V015,,0.9964795590112363
2026-05-14,2026-05-14 10:40:22,V015,,0.9967173088546779
2026-05-14,2026-05-14 10:40:23,V015,,0.9975175201340581
2026-05-14,2026-05-14 10:40:24,V015,,0.9966593168139348
2026-05-14,2026-05-14 10:40:25,V015,,0.9956625023743166
2026-05-14,2026-05-14 10:40:26,V015,,0.9959945932672888
2026-05-14,2026-05-14 10:40:27,V015,,0.9962001571131148
2026-05-14,2026-05-14 10:40:28,V015,,0.9959739077861748
2026-05-14,2026-05-14 10:40:29,V015,,0.9954863141541785
2026-05-14,2026-05-14 10:40:30,V015,,0.9959488937575024
2026-05-14,2026-05-14 10:40:31,V015,,0.9962684249763234
2026-05-14,2026-05-14 10:40:32,V015,,0.9965912450509263
2026-05-14,2026-05-14 10:40:33,V015,,0.995853128412938
2026-05-14,2026-05-14 10:40:34,V015,,0.9962840084001381
2026-05-14,2026-05-14 10:40:35,V015,,0.9964739071397768
2026-05-14,2026-05-14 10:40:36,V015,,0.9959205770720853
2026-05-14,2026-05-14 10:40:37,V015,,0.9968526722776807
2026-05-14,2026-05-14 10:40:38,V015,,0.9964387516057776
2026-05-14,2026-05-14 10:40:39,V015,,0.9968261691395962
2026-05-14,2026-05-14 10:40:40,V015,,0.9956278976010149
2026-05-14,2026-05-14 10:40:41,V015,,0.9964963046427205
2026-05-14,2026-05-14 10:40:42,V015,,0.9964154110918638
2026-05-14,2026-05-14 10:40:43,V015,,0.9963233327509698
2026-05-14,2026-05-14 10:40:44,V015,,0.9957202026044673
2026-05-14,2026-05-14 10:40:45,V015,,0.9962139695172456
2026-05-14,2026-05-14 10:40:46,V015,,0.9965895839668985
2026-05-14,2026-05-14 10:40:47,V015,,0.9970786750889409
2026-05-14,2026-05-14 10:40:48,V015,,0.9960414579441433
2026-05-14,2026-05-14 10:40:49,V015,,0.9964345254234201
2026-05-14,2026-05-14 10:40:50,V015,,0.9961987107261493
2026-05-14,2026-05-14 10:40:51,V015,,0.996309775954135
2026-05-14,2026-05-14 10:40:52,V015,,0.9956512638732479
2026-05-14,2026-05-14 10:40:53,V015,,0.9959964809791804
2026-05-14,2026-05-14 10:40:54,V015,,0.9965655036714973
2026-05-14,2026-05-14 10:40:55,V015,,0.9963716808081745
2026-05-14,2026-05-14 10:40:56,V015,,0.9963636411696488
2026-05-14,2026-05-14 10:40:57,V015,,0.9963061939849388
2026-05-14,2026-05-14 10:40:58,V015,,0.9960850160206217
2026-05-14,2026-05-14 10:40:59,V015,,0.9957406266454683
2026-05-14,2026-05-14 10:41:00,V015,,0.9965706001990138
2026-05-14,2026-05-14 10:41:01,V015,,0.9969515495298835
