Timestamp,Heart Rate,ExLoad
2026/05/14 10:33:08,0,
2026/05/14 10:33:09,0,0.010569090954959393
2026/05/14 10:33:10,0,0.009293871931731701
2026/05/14 10:33:11,0,0.009477649815380573
2026/05/14 10:33:12,0,0.010019388049840927
2026/05/14 10:33:13,0,0.009905961342155933
2026/05/14 10:33:14,0,0.009681244380772114
2026/05/14 10:33:15,0,0.009157419204711914
2026/05/14 10:33:16,0,0.009848088957369328
2026/05/14 10:33:17,0,0.010016800835728645
2026/05/14 10:33:18,0,0.010153585113584995
2026/05/14 10:33:19,0,0.01002682838588953
2026/05/14 10:33:20,0,0.01051271427422762
2026/05/14 10:33:21,0,0.009788102470338345
2026/05/14 10:33:22,0,0.01037889625877142
2026/05/14 10:33:23,0,0.010026144795119762
2026/05/14 10:33:24,0,0.009963243268430233
2026/05/14 10:33:25,0,0.010613576509058475
2026/05/14 10:33:26,0,0.010369967669248581
2026/05/14 10:33:27,0,0.010104815475642681
2026/05/14 10:33:28,0,0.010364457033574581
2026/05/14 10:33:29,0,0.010604564100503922
2026/05/14 10:33:30,0,0.010284817777574062
2026/05/14 10:33:31,0,0.01043262705206871
2026/05/14 10:33:32,0,0.010233144275844097
2026/05/14 10:33:33,0,0.009933647699654102
2026/05/14 10:33:34,0,0.010495645925402641
2026/05/14 10:33:35,0,0.009923123754560947
2026/05/14 10:33:36,0,0.010115807875990868
2026/05/14 10:33:37,0,0.01399884931743145
2026/05/14 10:33:38,0,0.010036589577794075
2026/05/14 10:33:39,0,0.01009810995310545
2026/05/14 10:33:40,0,0.010663039050996304
2026/05/14 10:33:41,0,0.010330854915082455
2026/05/14 10:33:42,0,0.010354632511734962
2026/05/14 10:33:43,0,0.010348791256546974
2026/05/14 10:33:44,0,0.010188420303165913
2026/05/14 10:33:45,0,0.010720815509557724
2026/05/14 10:33:46,0,0.01025827880948782
2026/05/14 10:33:47,0,0.010475926101207733
2026/05/14 10:33:48,0,0.04038591682910919
2026/05/14 10:33:49,0,0.010832087136805058
2026/05/14 10:33:50,0,0.010792350396513939
2026/05/14 10:33:51,0,0.010839950293302536
2026/05/14 10:33:52,0,0.010473685339093208
2026/05/14 10:33:53,0,0.010228980332612991
2026/05/14 10:33:54,0,0.010229425504803658
2026/05/14 10:33:55,0,0.016878679394721985
2026/05/14 10:33:56,0,0.010139254853129387
2026/05/14 10:33:57,0,0.01062393095344305
2026/05/14 10:33:58,0,0.011108554899692535
2026/05/14 10:33:59,0,0.011131368577480316
2026/05/14 10:34:00,0,0.0108114555478096
2026/05/14 10:34:01,0,0.009879127144813538
2026/05/14 10:34:02,0,0.01045747846364975
2026/05/14 10:34:03,0,0.010147794149816036
2026/05/14 10:34:04,0,0.014924509450793266
2026/05/14 10:34:05,0,0.010140587575733662
2026/05/14 10:34:06,0,0.01090301014482975
2026/05/14 10:34:07,0,0.010314065963029861
2026/05/14 10:34:08,0,0.010464743711054325
2026/05/14 10:34:09,0,0.011055721901357174
2026/05/14 10:34:10,0,0.010363518260419369
2026/05/14 10:34:11,0,0.00993928499519825
2026/05/14 10:34:12,0,0.010995352640748024
2026/05/14 10:34:13,0,0.01030201930552721
2026/05/14 10:34:14,0,0.010511242784559727
2026/05/14 10:34:15,0,0.01069498248398304
2026/05/14 10:34:16,0,0.010398151353001595
2026/05/14 10:34:17,0,0.010550688952207565
2026/05/14 10:34:18,0,0.010405144654214382
2026/05/14 10:34:19,0,0.01005089282989502
2026/05/14 10:34:20,0,0.010925359092652798
2026/05/14 10:34:21,0,0.010105811059474945
2026/05/14 10:34:22,0,0.01062777265906334
2026/05/14 10:34:23,0,0.01053716242313385
2026/05/14 10:34:24,0,0.010702624917030334
2026/05/14 10:34:25,0,0.010998501442372799
2026/05/14 10:34:26,0,0.010845256969332695
2026/05/14 10:34:27,0,0.009884309954941273
2026/05/14 10:34:28,0,0.009975872002542019
2026/05/14 10:34:29,0,0.010558169335126877
2026/05/14 10:34:30,0,0.01025825459510088
2026/05/14 10:34:31,0,0.011971557512879372
2026/05/14 10:34:32,0,0.010345926508307457
2026/05/14 10:34:33,0,0.010594979859888554
2026/05/14 10:34:34,0,0.012102866545319557
2026/05/14 10:34:35,0,0.040073834359645844
2026/05/14 10:34:36,0,0.010036619380116463
2026/05/14 10:34:37,0,0.010607291013002396
2026/05/14 10:34:38,0,0.011323440819978714
2026/05/14 10:34:39,0,0.01048376876860857
2026/05/14 10:34:40,0,0.01052086055278778
2026/05/14 10:34:41,0,0.010323233902454376
2026/05/14 10:34:42,0,0.010313537903130054
2026/05/14 10:34:43,0,0.010534520260989666
2026/05/14 10:34:44,0,0.010432477109134197
2026/05/14 10:34:45,0,0.010875256732106209
2026/05/14 10:34:46,0,0.010702922008931637
2026/05/14 10:34:47,0,0.010744345374405384
2026/05/14 10:34:48,0,0.010292415507137775
2026/05/14 10:34:49,0,0.011084944941103458
2026/05/14 10:34:50,0,0.010465502738952637
2026/05/14 10:34:51,0,0.010720953345298767
2026/05/14 10:34:52,0,0.010862049646675587
2026/05/14 10:34:53,0,0.010661773383617401
2026/05/14 10:34:54,0,0.010136311873793602
2026/05/14 10:34:55,0,0.010461163707077503
2026/05/14 10:34:56,0,0.01064135879278183
2026/05/14 10:34:57,0,0.010882357135415077
2026/05/14 10:34:58,0,0.01012569572776556
2026/05/14 10:34:59,0,0.010455500334501266
2026/05/14 10:35:00,0,0.011222835630178452
2026/05/14 10:35:01,0,0.010996083728969097
2026/05/14 10:35:02,0,0.01013837568461895
2026/05/14 10:35:03,0,0.010351723991334438
2026/05/14 10:35:04,0,0.010323264636099339
2026/05/14 10:35:05,0,0.010526665486395359
2026/05/14 10:35:06,0,0.010331939905881882
2026/05/14 10:35:07,0,0.009798525832593441
2026/05/14 10:35:08,0,0.009998862631618977
2026/05/14 10:35:09,0,0.010415798053145409
2026/05/14 10:35:10,0,0.010000389069318771
2026/05/14 10:35:11,0,0.010975482873618603
2026/05/14 10:35:12,0,0.010593465529382229
2026/05/14 10:35:13,0,0.01041342131793499
2026/05/14 10:35:14,0,0.010586357675492764
2026/05/14 10:35:15,0,0.010050000622868538
2026/05/14 10:35:16,0,0.010427757166326046
2026/05/14 10:35:17,0,0.010757668875157833
2026/05/14 10:35:18,0,0.009774593636393547
2026/05/14 10:35:19,0,0.010266070254147053
2026/05/14 10:35:20,0,0.014946158044040203
2026/05/14 10:35:21,0,0.009779167361557484
2026/05/14 10:35:22,0,0.009859089739620686
2026/05/14 10:35:23,0,0.010604307055473328
2026/05/14 10:35:24,0,0.011078272946178913
2026/05/14 10:35:25,0,0.010746815241873264
2026/05/14 10:35:26,0,0.010564178228378296
2026/05/14 10:35:27,0,0.010252362117171288
2026/05/14 10:35:28,0,0.010779821313917637
2026/05/14 10:35:29,0,0.010442893952131271
2026/05/14 10:35:30,0,0.01050950400531292
2026/05/14 10:35:31,0,0.010908027179539204
2026/05/14 10:35:32,0,0.010161695070564747
2026/05/14 10:35:33,0,0.011126549914479256
2026/05/14 10:35:34,0,0.010499214753508568
2026/05/14 10:35:35,0,0.010694022290408611
2026/05/14 10:35:36,0,0.011090876534581184
2026/05/14 10:35:37,0,0.01040701288729906
2026/05/14 10:35:38,0,0.010451211594045162
2026/05/14 10:35:39,0,0.010430824011564255
2026/05/14 10:35:40,0,0.010451847687363625
2026/05/14 10:35:41,0,0.010616525076329708
2026/05/14 10:35:42,0,0.01082474272698164
2026/05/14 10:35:43,0,0.010730627924203873
2026/05/14 10:35:44,0,0.010275979526340961
2026/05/14 10:35:45,0,0.039294954389333725
2026/05/14 10:35:46,0,0.010705322027206421
2026/05/14 10:35:47,0,0.010970968753099442
2026/05/14 10:35:48,0,0.010267653502523899
2026/05/14 10:35:49,0,0.010913042351603508
2026/05/14 10:35:50,0,0.010735617019236088
2026/05/14 10:35:51,0,0.010535852052271366
2026/05/14 10:35:52,0,0.011310978792607784
2026/05/14 10:35:53,0,0.010879624634981155
2026/05/14 10:35:54,0,0.010058138519525528
2026/05/14 10:35:55,0,0.010222909040749073
2026/05/14 10:35:56,0,0.010351346805691719
2026/05/14 10:35:57,0,0.010290302336215973
2026/05/14 10:35:58,0,0.010843932628631592
2026/05/14 10:35:59,0,0.010246194899082184
2026/05/14 10:36:00,0,0.010178305208683014
2026/05/14 10:36:01,0,0.010557438246905804
2026/05/14 10:36:02,0,0.010655474849045277
2026/05/14 10:36:03,0,0.01052000280469656
2026/05/14 10:36:04,0,0.010841790586709976
2026/05/14 10:36:05,0,0.010678830556571484
2026/05/14 10:36:06,0,0.01022014208137989
2026/05/14 10:36:07,0,0.010568354278802872
2026/05/14 10:36:08,0,0.009990919381380081
2026/05/14 10:36:09,0,0.011261901818215847
2026/05/14 10:36:10,0,0.01071773562580347
2026/05/14 10:36:11,0,0.011114520952105522
2026/05/14 10:36:12,0,0.010914884507656097
2026/05/14 10:36:13,0,0.010488086380064487
2026/05/14 10:36:14,0,0.010763934813439846
2026/05/14 10:36:15,0,0.010069838725030422
2026/05/14 10:36:16,0,0.010408228263258934
2026/05/14 10:36:17,0,0.010764398612082005
2026/05/14 10:36:18,0,0.010528978891670704
2026/05/14 10:36:19,0,0.010934197343885899
2026/05/14 10:36:20,0,0.010491248220205307
2026/05/14 10:36:21,0,0.010635897517204285
2026/05/14 10:36:22,0,0.010189755819737911
2026/05/14 10:36:23,0,0.010493367910385132
2026/05/14 10:36:24,0,0.010054646991193295
2026/05/14 10:36:25,0,0.010546558536589146
2026/05/14 10:36:26,0,0.01023780182003975
2026/05/14 10:36:27,0,0.010773150250315666
2026/05/14 10:36:28,0,0.010264824144542217
2026/05/14 10:36:29,0,0.010194249451160431
2026/05/14 10:36:30,0,0.010532090440392494
2026/05/14 10:36:31,0,0.01088595949113369
2026/05/14 10:36:32,0,0.010390943847596645
2026/05/14 10:36:33,0,0.011084523983299732
2026/05/14 10:36:34,0,0.010770266875624657
2026/05/14 10:36:35,0,0.011228573508560658
2026/05/14 10:36:36,0,0.010091491974890232
2026/05/14 10:36:37,0,0.012221114709973335
2026/05/14 10:36:38,0,0.013730073347687721
2026/05/14 10:36:39,0,0.017584217712283134
2026/05/14 10:36:40,0,0.014136441983282566
2026/05/14 10:36:41,0,0.04448973760008812
2026/05/14 10:36:42,0,0.028720684349536896
2026/05/14 10:36:43,0,0.05055666342377663
2026/05/14 10:36:44,0,0.012561162933707237
2026/05/14 10:36:45,0,0.012974525801837444
2026/05/14 10:36:46,0,0.019313126802444458
2026/05/14 10:36:47,0,0.017182499170303345
2026/05/14 10:36:48,0,0.014184690080583096
2026/05/14 10:36:49,0,0.021563107147812843
2026/05/14 10:36:50,0,0.013587047345936298
2026/05/14 10:36:51,0,0.02074015513062477
2026/05/14 10:36:52,0,0.020630327984690666
2026/05/14 10:36:53,0,0.03751786798238754
2026/05/14 10:36:54,0,0.029809260740876198
2026/05/14 10:36:55,0,0.011484992690384388
2026/05/14 10:36:56,0,0.01645069010555744
2026/05/14 10:36:57,0,0.014254528097808361
2026/05/14 10:36:58,0,0.01448015496134758
2026/05/14 10:36:59,0,0.017098000273108482
2026/05/14 10:37:00,0,0.012875383719801903
2026/05/14 10:37:01,0,0.026524018496274948
2026/05/14 10:37:02,0,0.016092943027615547
2026/05/14 10:37:03,0,0.014951499179005623
2026/05/14 10:37:04,0,0.012753071263432503
2026/05/14 10:37:05,0,0.012118573300540447
2026/05/14 10:37:06,0,0.02458006888628006
2026/05/14 10:37:07,0,0.020801858976483345
2026/05/14 10:37:08,0,0.055053140968084335
2026/05/14 10:37:09,0,0.05889059603214264
2026/05/14 10:37:10,0,0.024906881153583527
2026/05/14 10:37:11,0,0.02118224836885929
2026/05/14 10:37:12,0,0.028022583574056625
2026/05/14 10:37:13,0,0.012321683578193188
2026/05/14 10:37:14,0,0.012515364214777946
2026/05/14 10:37:15,0,0.015203787945210934
2026/05/14 10:37:16,0,0.02232707291841507
2026/05/14 10:37:17,0,0.015231574885547161
2026/05/14 10:37:18,0,0.010521524585783482
2026/05/14 10:37:19,0,0.013624575920403004
2026/05/14 10:37:20,0,0.012698099948465824
2026/05/14 10:37:21,0,0.07686585187911987
2026/05/14 10:37:22,0,0.010849813930690289
2026/05/14 10:37:23,0,0.011609593406319618
2026/05/14 10:37:24,0,0.012960901483893394
2026/05/14 10:37:25,0,0.013335605151951313
2026/05/14 10:37:26,0,0.042920541018247604
2026/05/14 10:37:27,0,0.011791153810918331
2026/05/14 10:37:28,0,0.012436293996870518
2026/05/14 10:37:29,0,0.01092837005853653
2026/05/14 10:37:30,0,0.010828696191310883
2026/05/14 10:37:31,0,0.01050400547683239
2026/05/14 10:37:32,0,0.010743601247668266
2026/05/14 10:37:33,0,0.010580995120108128
2026/05/14 10:37:34,0,0.010904263705015182
2026/05/14 10:37:35,0,0.012490608729422092
2026/05/14 10:37:36,0,0.016118137165904045
2026/05/14 10:37:37,0,0.012191525660455227
2026/05/14 10:37:38,0,0.011237097904086113
2026/05/14 10:37:39,0,0.0111264418810606
2026/05/14 10:37:40,0,0.011904273182153702
2026/05/14 10:37:41,0,0.022118642926216125
2026/05/14 10:37:42,0,0.021260054782032967
2026/05/14 10:37:43,0,0.01701950654387474
2026/05/14 10:37:44,0,0.013261825777590275
2026/05/14 10:37:45,0,0.011435573920607567
2026/05/14 10:37:46,0,0.011620755307376385
2026/05/14 10:37:47,0,0.010925190523266792
2026/05/14 10:37:48,0,0.015813138335943222
2026/05/14 10:37:49,0,0.011935204267501831
2026/05/14 10:37:50,0,0.014090770855545998
2026/05/14 10:37:51,0,0.0146784707903862
2026/05/14 10:37:52,0,0.016958463937044144
2026/05/14 10:37:53,0,0.017335206270217896
2026/05/14 10:37:54,0,0.01192971970885992
2026/05/14 10:37:55,0,0.016282662749290466
2026/05/14 10:37:56,0,0.013095657341182232
2026/05/14 10:37:57,0,0.030171046033501625
2026/05/14 10:37:58,0,0.011304338462650776
2026/05/14 10:37:59,0,0.010267523117363453
2026/05/14 10:38:00,0,0.013600260950624943
2026/05/14 10:38:01,0,0.011861920356750488
2026/05/14 10:38:02,0,0.010544820688664913
2026/05/14 10:38:03,0,0.01801309548318386
2026/05/14 10:38:04,0,0.012279793620109558
2026/05/14 10:38:05,0,0.01165247056633234
2026/05/14 10:38:06,0,0.010793215595185757
2026/05/14 10:38:07,0,0.01155798602849245
2026/05/14 10:38:08,0,0.011323289945721626
2026/05/14 10:38:09,0,0.01579127460718155
2026/05/14 10:38:10,0,0.011874240823090076
2026/05/14 10:38:11,0,0.013997572474181652
2026/05/14 10:38:12,0,0.015052574686706066
2026/05/14 10:38:13,0,0.013547341339290142
2026/05/14 10:38:14,0,0.013351073488593102
2026/05/14 10:38:15,0,0.011034060269594193
2026/05/14 10:38:16,0,0.015415232628583908
2026/05/14 10:38:17,0,0.010943855158984661
2026/05/14 10:38:18,0,0.011256801895797253
2026/05/14 10:38:19,0,0.011833223514258862
2026/05/14 10:38:20,0,0.010748130269348621
2026/05/14 10:38:21,0,0.013002168387174606
2026/05/14 10:38:22,0,0.011296640150249004
2026/05/14 10:38:23,0,0.01173685397952795
2026/05/14 10:38:24,0,0.22340339422225952
2026/05/14 10:38:25,0,0.16264234483242035
2026/05/14 10:38:26,0,0.20191660523414612
2026/05/14 10:38:27,0,0.2822002172470093
2026/05/14 10:38:28,0,0.1461205929517746
2026/05/14 10:38:29,0,0.1267242729663849
2026/05/14 10:38:30,0,0.2376982867717743
2026/05/14 10:38:31,0,0.31470581889152527
2026/05/14 10:38:32,0,0.28151652216911316
